benchmark,model,n,min,q1,median,q3,max,p95,lo,hi,outliers
JevBench,v19,230,85.4,90.4,93.0,103.7,437.2,282.5,85.4,117.1,41
JevBench,b1,230,202.9,210.9,215.6,221.5,551.7,344.3,202.9,232.9,39
JevBench,b2,230,216.5,228.5,234.1,254.8,895.6,641.7,216.5,294.0,48
JevBench,e1a,230,75.6,78.1,79.9,93.1,512.6,347.4,75.6,104.0,50
JevBench,e1b,230,84.3,87.2,88.9,97.7,608.1,387.5,84.3,109.6,51
JF100,v19,300,76.6,79.0,80.2,81.6,369.8,264.1,76.6,84.8,28
JF100,b1,300,162.9,165.3,166.7,168.8,368.2,278.7,162.9,173.6,29
JF100,b2,300,220.3,226.7,228.5,231.3,929.1,669.2,220.3,237.4,30
JF100,e1a,300,61.5,63.6,64.7,66.5,529.9,332.5,61.5,70.8,28
JF100,e1b,300,63.8,67.5,69.0,71.4,558.3,373.8,63.8,75.7,25
